dataset,model,evaluation,MAE,RMSE,R2
FD004,Linear Regression,last_cycle,19.958165581340843,24.471756819275083,0.6758289488493493
FD004,Random Forest,last_cycle,15.267722834872833,20.657117058825683,0.7690152256809136
FD004,Gradient Boosting,last_cycle,17.63088469642166,22.22815243250675,0.7325450345021243
