dataset,model,evaluation,MAE,RMSE,R2
FD004,Linear Regression,all_cycles,15.865902859491746,20.181945411003028,0.37183393967559875
FD004,Random Forest,all_cycles,12.396637271215527,17.3314663746529,0.536746156340554
FD004,Gradient Boosting,all_cycles,13.903127068151372,18.465746507523193,0.47412545123858985
