dataset,model,evaluation,MAE,RMSE,R2
FD002,Linear Regression,last_cycle,17.529263562971675,21.36448279883006,0.7524428795212431
FD002,Random Forest,last_cycle,14.225466359082365,18.732593389440964,0.8096791065082619
FD002,Gradient Boosting,last_cycle,16.318891503536246,20.39913514388183,0.7743090391954823
