dataset,model,evaluation,MAE,RMSE,R2
FD002,Linear Regression,all_cycles,18.024788544386695,22.16459621136959,0.4088113786865746
FD002,Random Forest,all_cycles,15.905459335956563,19.63516406997518,0.5360453968500288
FD002,Gradient Boosting,all_cycles,17.395130854086755,20.763958242681426,0.4811680498517966
