dataset,model,evaluation,MAE,RMSE,R2
FD003,Linear Regression,last_cycle,16.912881204107354,21.16319520360562,0.7080273989936807
FD003,Random Forest,last_cycle,14.7682748082209,20.195260625222485,0.7341243604094405
FD003,Gradient Boosting,last_cycle,15.039409385286753,20.78364107078956,0.7184063284171901
