dataset,model,evaluation,MAE,RMSE,R2
FD003,Linear Regression,all_cycles,13.626350940475888,17.964969126484355,0.47681138279435686
FD003,Random Forest,all_cycles,9.252998610128175,14.367105823292864,0.6653861463912039
FD003,Gradient Boosting,all_cycles,9.607541049548326,14.585437963891493,0.6551388396585763
